{"colsample": 0.999, "depth": 7.510261889966254, "g": -0.752807302331253, "min_cw": 7.989820042480886, "n": 3.5068018224324375, "subsample": 0.999}