{"colsample": 0.9385928825460688, "depth": 6.29246800891312, "min_cw": 1.0553299482107918, "n": 8.472341791965004, "p": -1.7934859141218267, "subsample": 0.5197970180588829}