{"colsample": 0.5, "depth": 9.453343482449641, "min_cw": 3.406764152969857, "n": 10.0, "p": -1.1088420254931086, "subsample": 1.0}