{"colsample": 0.5046222826346425, "depth": 6.762016937259618, "g": -2.507263079059758, "min_cw": 6.548703117120763, "n": 7.575535894239051, "p": -1.7192186836318948, "subsample": 0.9137143367164389}